1,Nanon Bes,2017-04-22,31111111118
2,Isadore Corradi,2017-07-01,41111111118
3,Tania Daldry,2017-06-18,31111111118
4,Gerta Emig,2017-03-06,31111111119
5,Westley Allderidge,2017-02-23,31111111111
6,Wyatt Walles,2017-05-31,41111111115
7,Danit Spittall,2017-03-13,41111111113
8,Pammy Cobden,2017-03-05,41111111118
9,Fallon Warrener,2017-05-21,31111111112
10,Arte Doorbar,2016-10-04,31111111116
11,Job Banke,2017-06-05,41111111111
12,Ginevra Glencrosche,2016-09-05,31111111113
13,Jami Lawn,2016-09-21,41111111111
14,Tommi Treend,2016-11-20,31111111117
15,Alistair Sanday,2017-06-06,31111111114
16,Olva Beadnall,2016-11-23,41111111119
17,Enrica Burlingame,2017-07-15,41111111111
18,Korey Harlock,2016-10-11,41111111117
19,Edna Phuprate,2016-10-09,41111111115
20,Haily Imesson,2016-12-17,41111111112
