21111111111126,"Baumbach, Kilback and Sawayn",69736623642,11111111111113
21111111111129,Emard LLC,50511206508,11111111111125
21111111111121,"Keebler, Goldner and Aufderhar",09806748651,11111111111120
21111111111114,"O'Hara, Hammes and Fisher",17145711914,11111111111117
21111111111127,Predovic LLC,40926964439,11111111111115
21111111111128,Treutel-Terry,20237646121,11111111111121
21111111111112,"Block, Gutmann and Fadel",49083371955,11111111111112
21111111111110,Terry-Bogisich,68265968863,11111111111121
21111111111114,"Bogisich, Kuphal and Fisher",91979940225,11111111111123
21111111111125,Waelchi-Carroll,28940314192,11111111111116
21111111111119,Corkery-Rodriguez,61392863459,11111111111113
21111111111120,Wehner-Feil,07730445833,11111111111111
21111111111110,Hackett-Tillman,72909331697,11111111111115
21111111111119,Jast-Heidenreich,11632017520,11111111111111
21111111111117,"Greenfelder, Effertz and Prohaska",76026427494,11111111111117
21111111111120,Gusikowski Group,41711185049,11111111111127
21111111111119,Streich Group,09910254609,11111111111115
21111111111125,Wisoky Inc,76942647923,11111111111112
21111111111121,Heaney and Sons,69433710900,11111111111128
21111111111121,Denesik-Bednar,48372957951,11111111111115
