1,262124040611,Centralized human-resource focus group,$411.83,18,31111111111123
2,412705367828,Multi-layered bi-directional archive,$338.19,16,31111111111114
3,968138030682,Seamless discrete budgetary management,$460.87,5,311111111111117
4,502209120913,Re-engineered neutral intranet,$65.83,3,31111111111114
5,162537984536,Function-based mobile policy,$222.81,7,31111111111122
6,204187063638,Profound scalable hub,$252.73,10,31111111111125
7,224871512438,Pre-emptive client-driven secured line,$453.51,18,31111111111113
8,192787119960,Vision-oriented motivating budgetary management,$484.27,11,31111111111114
9,723143192302,Multi-layered multimedia emulation,$121.88,6,31111111111128
10,945142829162,Ergonomic high-level strategy,$172.99,18,31111111111129
11,361398342063,Business-focused solution-oriented frame,$481.54,15,31111111111122
12,257665152408,Operative solution-oriented forecast,$370.53,3,31111111111112
13,658757785771,Networked human-resource interface,$249.68,7,31111111111113
14,006727415144,Inverse even-keeled workforce,$305.82,7,31111111111126
15,986798265752,Future-proofed neutral projection,$450.87,16,31111111111119
16,492232442808,Optimized zero defect extranet,$365.17,1,31111111111121
17,931254706914,Proactive asymmetric monitoring,$26.94,20,31111111111115
18,105550286926,Ergonomic maximized customer loyalty,$228.30,20,31111111111120
19,163585470257,Organic composite firmware,$52.92,20,31111111111120
20,125765962285,Multi-lateral uniform core,$14.39,11,31111111111122
