insert into aluno (cpf, nome, idade, endereco, data_nasc, regularizado) values ("11111117442","alunoTeste0",20,"endTeste","1998-10-10",1);
insert into funcionario(cpf,nome, sexo, data_contrato, salario, cnpj_filial)values("22222225032","funcionarioTeste0","F","2000-10-10",3000.0,"11111111111111");
insert into instrutor(cpf, licenca) values ("22222225032",3255845);insert into instrutor_espec(cpf_instrutor, cod_especialidade)values("22222225032",1);
insert into ficha_exercicio(cpf_instrutor,cpf_aluno,data_inicio,data_validade)values ("22222225032","11111117442","2010-10-10","2011-10-10");
insert into treino(tipo,descricao,data,id_ficha) values ("hipertrofia","treino com carga alta","2010-10-11",1);insert into aluno (cpf, nome, idade, endereco, data_nasc, regularizado) values ("11111110223","alunoTeste1",20,"endTeste","1998-10-10",1);
insert into funcionario(cpf,nome, sexo, data_contrato, salario, cnpj_filial)values("22222223603","funcionarioTeste1","F","2000-10-10",3000.0,"11111111111111");
insert into instrutor(cpf, licenca) values ("22222223603",129788);insert into instrutor_espec(cpf_instrutor, cod_especialidade)values("22222223603",1);
insert into ficha_exercicio(cpf_instrutor,cpf_aluno,data_inicio,data_validade)values ("22222223603","11111110223","2010-10-10","2011-10-10");
insert into treino(tipo,descricao,data,id_ficha) values ("hipertrofia","treino com carga alta","2010-10-11",2);insert into aluno (cpf, nome, idade, endereco, data_nasc, regularizado) values ("11111111200","alunoTeste2",20,"endTeste","1998-10-10",1);
insert into funcionario(cpf,nome, sexo, data_contrato, salario, cnpj_filial)values("22222220128","funcionarioTeste2","F","2000-10-10",3000.0,"11111111111111");
insert into instrutor(cpf, licenca) values ("22222220128",4587293);insert into instrutor_espec(cpf_instrutor, cod_especialidade)values("22222220128",1);
insert into ficha_exercicio(cpf_instrutor,cpf_aluno,data_inicio,data_validade)values ("22222220128","11111111200","2010-10-10","2011-10-10");
insert into treino(tipo,descricao,data,id_ficha) values ("hipertrofia","treino com carga alta","2010-10-11",3);insert into aluno (cpf, nome, idade, endereco, data_nasc, regularizado) values ("11111115022","alunoTeste3",20,"endTeste","1998-10-10",1);
insert into funcionario(cpf,nome, sexo, data_contrato, salario, cnpj_filial)values("22222225555","funcionarioTeste3","F","2000-10-10",3000.0,"11111111111111");
insert into instrutor(cpf, licenca) values ("22222225555",5154);insert into instrutor_espec(cpf_instrutor, cod_especialidade)values("22222225555",1);
insert into ficha_exercicio(cpf_instrutor,cpf_aluno,data_inicio,data_validade)values ("22222225555","11111115022","2010-10-10","2011-10-10");
insert into treino(tipo,descricao,data,id_ficha) values ("hipertrofia","treino com carga alta","2010-10-11",4);insert into aluno (cpf, nome, idade, endereco, data_nasc, regularizado) values ("11111113644","alunoTeste4",20,"endTeste","1998-10-10",1);
insert into funcionario(cpf,nome, sexo, data_contrato, salario, cnpj_filial)values("22222222432","funcionarioTeste4","F","2000-10-10",3000.0,"11111111111111");
insert into instrutor(cpf, licenca) values ("22222222432",4140354);insert into instrutor_espec(cpf_instrutor, cod_especialidade)values("22222222432",1);
insert into ficha_exercicio(cpf_instrutor,cpf_aluno,data_inicio,data_validade)values ("22222222432","11111113644","2010-10-10","2011-10-10");
insert into treino(tipo,descricao,data,id_ficha) values ("hipertrofia","treino com carga alta","2010-10-11",5);insert into aluno (cpf, nome, idade, endereco, data_nasc, regularizado) values ("11111114570","alunoTeste5",20,"endTeste","1998-10-10",1);
insert into funcionario(cpf,nome, sexo, data_contrato, salario, cnpj_filial)values("22222224247","funcionarioTeste5","F","2000-10-10",3000.0,"11111111111111");
insert into instrutor(cpf, licenca) values ("22222224247",918996);insert into instrutor_espec(cpf_instrutor, cod_especialidade)values("22222224247",1);
insert into ficha_exercicio(cpf_instrutor,cpf_aluno,data_inicio,data_validade)values ("22222224247","11111114570","2010-10-10","2011-10-10");
insert into treino(tipo,descricao,data,id_ficha) values ("hipertrofia","treino com carga alta","2010-10-11",6);insert into aluno (cpf, nome, idade, endereco, data_nasc, regularizado) values ("11111116854","alunoTeste6",20,"endTeste","1998-10-10",1);
insert into funcionario(cpf,nome, sexo, data_contrato, salario, cnpj_filial)values("22222221345","funcionarioTeste6","F","2000-10-10",3000.0,"11111111111111");
insert into instrutor(cpf, licenca) values ("22222221345",4289674);insert into instrutor_espec(cpf_instrutor, cod_especialidade)values("22222221345",1);
insert into ficha_exercicio(cpf_instrutor,cpf_aluno,data_inicio,data_validade)values ("22222221345","11111116854","2010-10-10","2011-10-10");
insert into treino(tipo,descricao,data,id_ficha) values ("hipertrofia","treino com carga alta","2010-10-11",7);insert into aluno (cpf, nome, idade, endereco, data_nasc, regularizado) values ("11111113801","alunoTeste7",20,"endTeste","1998-10-10",1);
insert into funcionario(cpf,nome, sexo, data_contrato, salario, cnpj_filial)values("22222227067","funcionarioTeste7","F","2000-10-10",3000.0,"11111111111111");
insert into instrutor(cpf, licenca) values ("22222227067",1922472);insert into instrutor_espec(cpf_instrutor, cod_especialidade)values("22222227067",1);
insert into ficha_exercicio(cpf_instrutor,cpf_aluno,data_inicio,data_validade)values ("22222227067","11111113801","2010-10-10","2011-10-10");
insert into treino(tipo,descricao,data,id_ficha) values ("hipertrofia","treino com carga alta","2010-10-11",8);insert into aluno (cpf, nome, idade, endereco, data_nasc, regularizado) values ("11111115836","alunoTeste8",20,"endTeste","1998-10-10",1);
insert into funcionario(cpf,nome, sexo, data_contrato, salario, cnpj_filial)values("22222222620","funcionarioTeste8","F","2000-10-10",3000.0,"11111111111111");
insert into instrutor(cpf, licenca) values ("22222222620",608123);insert into instrutor_espec(cpf_instrutor, cod_especialidade)values("22222222620",1);
insert into ficha_exercicio(cpf_instrutor,cpf_aluno,data_inicio,data_validade)values ("22222222620","11111115836","2010-10-10","2011-10-10");
insert into treino(tipo,descricao,data,id_ficha) values ("hipertrofia","treino com carga alta","2010-10-11",9);insert into aluno (cpf, nome, idade, endereco, data_nasc, regularizado) values ("11111110358","alunoTeste9",20,"endTeste","1998-10-10",1);
insert into funcionario(cpf,nome, sexo, data_contrato, salario, cnpj_filial)values("22222225187","funcionarioTeste9","F","2000-10-10",3000.0,"11111111111111");
insert into instrutor(cpf, licenca) values ("22222225187",4082937);insert into instrutor_espec(cpf_instrutor, cod_especialidade)values("22222225187",1);
insert into ficha_exercicio(cpf_instrutor,cpf_aluno,data_inicio,data_validade)values ("22222225187","11111110358","2010-10-10","2011-10-10");
insert into treino(tipo,descricao,data,id_ficha) values ("hipertrofia","treino com carga alta","2010-10-11",10);insert into aluno (cpf, nome, idade, endereco, data_nasc, regularizado) values ("11111114047","alunoTeste10",20,"endTeste","1998-10-10",1);
insert into funcionario(cpf,nome, sexo, data_contrato, salario, cnpj_filial)values("22222223521","funcionarioTeste10","F","2000-10-10",3000.0,"11111111111111");
insert into instrutor(cpf, licenca) values ("22222223521",3481931);insert into instrutor_espec(cpf_instrutor, cod_especialidade)values("22222223521",1);
insert into ficha_exercicio(cpf_instrutor,cpf_aluno,data_inicio,data_validade)values ("22222223521","11111114047","2010-10-10","2011-10-10");
insert into treino(tipo,descricao,data,id_ficha) values ("hipertrofia","treino com carga alta","2010-10-11",11);insert into aluno (cpf, nome, idade, endereco, data_nasc, regularizado) values ("11111114612","alunoTeste11",20,"endTeste","1998-10-10",1);
insert into funcionario(cpf,nome, sexo, data_contrato, salario, cnpj_filial)values("22222222720","funcionarioTeste11","F","2000-10-10",3000.0,"11111111111111");
insert into instrutor(cpf, licenca) values ("22222222720",3571508);insert into instrutor_espec(cpf_instrutor, cod_especialidade)values("22222222720",1);
insert into ficha_exercicio(cpf_instrutor,cpf_aluno,data_inicio,data_validade)values ("22222222720","11111114612","2010-10-10","2011-10-10");
insert into treino(tipo,descricao,data,id_ficha) values ("hipertrofia","treino com carga alta","2010-10-11",12);insert into aluno (cpf, nome, idade, endereco, data_nasc, regularizado) values ("11111116276","alunoTeste12",20,"endTeste","1998-10-10",1);
insert into funcionario(cpf,nome, sexo, data_contrato, salario, cnpj_filial)values("22222221175","funcionarioTeste12","F","2000-10-10",3000.0,"11111111111111");
insert into instrutor(cpf, licenca) values ("22222221175",1520919);insert into instrutor_espec(cpf_instrutor, cod_especialidade)values("22222221175",1);
insert into ficha_exercicio(cpf_instrutor,cpf_aluno,data_inicio,data_validade)values ("22222221175","11111116276","2010-10-10","2011-10-10");
insert into treino(tipo,descricao,data,id_ficha) values ("hipertrofia","treino com carga alta","2010-10-11",13);insert into aluno (cpf, nome, idade, endereco, data_nasc, regularizado) values ("11111112326","alunoTeste13",20,"endTeste","1998-10-10",1);
insert into funcionario(cpf,nome, sexo, data_contrato, salario, cnpj_filial)values("22222221675","funcionarioTeste13","F","2000-10-10",3000.0,"11111111111111");
insert into instrutor(cpf, licenca) values ("22222221675",3273277);insert into instrutor_espec(cpf_instrutor, cod_especialidade)values("22222221675",1);
insert into ficha_exercicio(cpf_instrutor,cpf_aluno,data_inicio,data_validade)values ("22222221675","11111112326","2010-10-10","2011-10-10");
insert into treino(tipo,descricao,data,id_ficha) values ("hipertrofia","treino com carga alta","2010-10-11",14);insert into aluno (cpf, nome, idade, endereco, data_nasc, regularizado) values ("11111111674","alunoTeste14",20,"endTeste","1998-10-10",1);
insert into funcionario(cpf,nome, sexo, data_contrato, salario, cnpj_filial)values("22222221254","funcionarioTeste14","F","2000-10-10",3000.0,"11111111111111");
insert into instrutor(cpf, licenca) values ("22222221254",4055405);insert into instrutor_espec(cpf_instrutor, cod_especialidade)values("22222221254",1);
insert into ficha_exercicio(cpf_instrutor,cpf_aluno,data_inicio,data_validade)values ("22222221254","11111111674","2010-10-10","2011-10-10");
insert into treino(tipo,descricao,data,id_ficha) values ("hipertrofia","treino com carga alta","2010-10-11",15);insert into aluno (cpf, nome, idade, endereco, data_nasc, regularizado) values ("11111114841","alunoTeste15",20,"endTeste","1998-10-10",1);
insert into funcionario(cpf,nome, sexo, data_contrato, salario, cnpj_filial)values("22222222411","funcionarioTeste15","F","2000-10-10",3000.0,"11111111111111");
insert into instrutor(cpf, licenca) values ("22222222411",427856);insert into instrutor_espec(cpf_instrutor, cod_especialidade)values("22222222411",1);
insert into ficha_exercicio(cpf_instrutor,cpf_aluno,data_inicio,data_validade)values ("22222222411","11111114841","2010-10-10","2011-10-10");
insert into treino(tipo,descricao,data,id_ficha) values ("hipertrofia","treino com carga alta","2010-10-11",16);insert into aluno (cpf, nome, idade, endereco, data_nasc, regularizado) values ("11111113404","alunoTeste16",20,"endTeste","1998-10-10",1);
insert into funcionario(cpf,nome, sexo, data_contrato, salario, cnpj_filial)values("22222220485","funcionarioTeste16","F","2000-10-10",3000.0,"11111111111111");
insert into instrutor(cpf, licenca) values ("22222220485",3650112);insert into instrutor_espec(cpf_instrutor, cod_especialidade)values("22222220485",1);
insert into ficha_exercicio(cpf_instrutor,cpf_aluno,data_inicio,data_validade)values ("22222220485","11111113404","2010-10-10","2011-10-10");
insert into treino(tipo,descricao,data,id_ficha) values ("hipertrofia","treino com carga alta","2010-10-11",17);insert into aluno (cpf, nome, idade, endereco, data_nasc, regularizado) values ("11111115807","alunoTeste17",20,"endTeste","1998-10-10",1);
insert into funcionario(cpf,nome, sexo, data_contrato, salario, cnpj_filial)values("22222228510","funcionarioTeste17","F","2000-10-10",3000.0,"11111111111111");
insert into instrutor(cpf, licenca) values ("22222228510",2164648);insert into instrutor_espec(cpf_instrutor, cod_especialidade)values("22222228510",1);
insert into ficha_exercicio(cpf_instrutor,cpf_aluno,data_inicio,data_validade)values ("22222228510","11111115807","2010-10-10","2011-10-10");
insert into treino(tipo,descricao,data,id_ficha) values ("hipertrofia","treino com carga alta","2010-10-11",18);insert into aluno (cpf, nome, idade, endereco, data_nasc, regularizado) values ("11111117577","alunoTeste18",20,"endTeste","1998-10-10",1);
insert into funcionario(cpf,nome, sexo, data_contrato, salario, cnpj_filial)values("22222222822","funcionarioTeste18","F","2000-10-10",3000.0,"11111111111111");
insert into instrutor(cpf, licenca) values ("22222222822",204724);insert into instrutor_espec(cpf_instrutor, cod_especialidade)values("22222222822",1);
insert into ficha_exercicio(cpf_instrutor,cpf_aluno,data_inicio,data_validade)values ("22222222822","11111117577","2010-10-10","2011-10-10");
insert into treino(tipo,descricao,data,id_ficha) values ("hipertrofia","treino com carga alta","2010-10-11",19);insert into aluno (cpf, nome, idade, endereco, data_nasc, regularizado) values ("11111111574","alunoTeste19",20,"endTeste","1998-10-10",1);
insert into funcionario(cpf,nome, sexo, data_contrato, salario, cnpj_filial)values("22222225104","funcionarioTeste19","F","2000-10-10",3000.0,"11111111111111");
insert into instrutor(cpf, licenca) values ("22222225104",3737865);insert into instrutor_espec(cpf_instrutor, cod_especialidade)values("22222225104",1);
insert into ficha_exercicio(cpf_instrutor,cpf_aluno,data_inicio,data_validade)values ("22222225104","11111111574","2010-10-10","2011-10-10");
insert into treino(tipo,descricao,data,id_ficha) values ("hipertrofia","treino com carga alta","2010-10-11",20);